-- phpMyAdmin SQL Dump
-- version 4.8.5
-- https://www.phpmyadmin.net/
--
-- Host: 127.0.0.1
-- Generation Time: Jun 27, 2019 at 08:23 PM
-- Server version: 10.1.38-MariaDB
-- PHP Version: 7.3.3

SET SQL_MODE = "NO_AUTO_VALUE_ON_ZERO";
SET AUTOCOMMIT = 0;
START TRANSACTION;
SET time_zone = "+00:00";


/*!40101 SET @OLD_CHARACTER_SET_CLIENT=@@CHARACTER_SET_CLIENT */;
/*!40101 SET @OLD_CHARACTER_SET_RESULTS=@@CHARACTER_SET_RESULTS */;
/*!40101 SET @OLD_COLLATION_CONNECTION=@@COLLATION_CONNECTION */;
/*!40101 SET NAMES utf8mb4 */;

--
-- Database: `forecastingapp`
--

-- --------------------------------------------------------

--
-- Table structure for table `auth_group`
--

CREATE TABLE `auth_group` (
  `id` int(11) NOT NULL,
  `name` varchar(150) NOT NULL
) ENGINE=InnoDB DEFAULT CHARSET=latin1;

-- --------------------------------------------------------

--
-- Table structure for table `auth_group_permissions`
--

CREATE TABLE `auth_group_permissions` (
  `id` int(11) NOT NULL,
  `group_id` int(11) NOT NULL,
  `permission_id` int(11) NOT NULL
) ENGINE=InnoDB DEFAULT CHARSET=latin1;

-- --------------------------------------------------------

--
-- Table structure for table `auth_permission`
--

CREATE TABLE `auth_permission` (
  `id` int(11) NOT NULL,
  `name` varchar(255) NOT NULL,
  `content_type_id` int(11) NOT NULL,
  `codename` varchar(100) NOT NULL
) ENGINE=InnoDB DEFAULT CHARSET=latin1;

--
-- Dumping data for table `auth_permission`
--

INSERT INTO `auth_permission` (`id`, `name`, `content_type_id`, `codename`) VALUES
(1, 'Can add log entry', 1, 'add_logentry'),
(2, 'Can change log entry', 1, 'change_logentry'),
(3, 'Can delete log entry', 1, 'delete_logentry'),
(4, 'Can view log entry', 1, 'view_logentry'),
(5, 'Can add permission', 2, 'add_permission'),
(6, 'Can change permission', 2, 'change_permission'),
(7, 'Can delete permission', 2, 'delete_permission'),
(8, 'Can view permission', 2, 'view_permission'),
(9, 'Can add group', 3, 'add_group'),
(10, 'Can change group', 3, 'change_group'),
(11, 'Can delete group', 3, 'delete_group'),
(12, 'Can view group', 3, 'view_group'),
(13, 'Can add user', 4, 'add_user'),
(14, 'Can change user', 4, 'change_user'),
(15, 'Can delete user', 4, 'delete_user'),
(16, 'Can view user', 4, 'view_user'),
(17, 'Can add content type', 5, 'add_contenttype'),
(18, 'Can change content type', 5, 'change_contenttype'),
(19, 'Can delete content type', 5, 'delete_contenttype'),
(20, 'Can view content type', 5, 'view_contenttype'),
(21, 'Can add session', 6, 'add_session'),
(22, 'Can change session', 6, 'change_session'),
(23, 'Can delete session', 6, 'delete_session'),
(24, 'Can view session', 6, 'view_session'),
(25, 'Can add post', 7, 'add_post'),
(26, 'Can change post', 7, 'change_post'),
(27, 'Can delete post', 7, 'delete_post'),
(28, 'Can view post', 7, 'view_post'),
(29, 'Can add penjualan model', 8, 'add_penjualanmodel'),
(30, 'Can change penjualan model', 8, 'change_penjualanmodel'),
(31, 'Can delete penjualan model', 8, 'delete_penjualanmodel'),
(32, 'Can view penjualan model', 8, 'view_penjualanmodel');

-- --------------------------------------------------------

--
-- Table structure for table `auth_user`
--

CREATE TABLE `auth_user` (
  `id` int(11) NOT NULL,
  `password` varchar(128) NOT NULL,
  `last_login` datetime(6) DEFAULT NULL,
  `is_superuser` tinyint(1) NOT NULL,
  `username` varchar(150) NOT NULL,
  `first_name` varchar(30) NOT NULL,
  `last_name` varchar(150) NOT NULL,
  `email` varchar(254) NOT NULL,
  `is_staff` tinyint(1) NOT NULL,
  `is_active` tinyint(1) NOT NULL,
  `date_joined` datetime(6) NOT NULL
) ENGINE=InnoDB DEFAULT CHARSET=latin1;

--
-- Dumping data for table `auth_user`
--

INSERT INTO `auth_user` (`id`, `password`, `last_login`, `is_superuser`, `username`, `first_name`, `last_name`, `email`, `is_staff`, `is_active`, `date_joined`) VALUES
(1, 'pbkdf2_sha256$150000$2rhyDNeiRDeF$/NyAHghOe3tXlZQTp+0Lf/RpW5zo+5UJnGVtfHLSffw=', '2019-06-25 12:20:38.202917', 1, 'admin', '', '', 'admin@admin.com', 1, 1, '2019-05-22 07:34:28.350809'),
(2, 'pbkdf2_sha256$150000$FtdzF65Wg54B$M4Nq0PIqE3XcZDwGB1eg7wNjHY2jABdFZw/y5EAhh34=', NULL, 0, 'yudha_patria', '', '', '', 0, 1, '2019-06-25 02:49:53.288201'),
(3, 'pbkdf2_sha256$150000$3ZpvW1YmhF6j$eGbjIb4/T5buUxotjIOLiXEiP7M8SQ/ENN0ChgJuNF4=', NULL, 0, 'yudhapatria', '', '', '', 0, 1, '2019-06-25 02:50:54.013254'),
(4, 'pbkdf2_sha256$150000$zEddnaaQpbM9$9ueWy2iZOLt2wAYwDIJyXDrKuTWvkIETF33ptq5TnCU=', NULL, 0, 'yudhapatria12', '', '', '', 0, 1, '2019-06-25 03:01:21.517732'),
(5, 'pbkdf2_sha256$150000$68f0V9t6H6Bi$4KGqy4Mp/oerwQXSnpADvRG2oM3uD4L9BF6B2I69npA=', NULL, 0, 'yudha_patria12', '', '', '', 0, 1, '2019-06-25 03:05:51.001816'),
(6, 'pbkdf2_sha256$150000$YpA5MdQP55BK$XJafQbdqiUD6i3HlZcXsqphYf31hvMPsk0IvAaPPHGU=', NULL, 0, 'yudha_patria13', '', '', '', 0, 1, '2019-06-25 03:06:18.028864'),
(7, 'pbkdf2_sha256$150000$IjGt6TH1mjh2$MYc3fUfywkRWMQMcx9xxnbpRJwaMVDyJty/j1uLix3A=', NULL, 0, 'yudha_patria14', '', '', '', 0, 1, '2019-06-25 03:06:34.160203'),
(8, 'pbkdf2_sha256$150000$5MGfCX6Llm4D$P50G8pIIWc4/+dgUHWx4tLc38nW/UA9ntZ76ttc4GGY=', '2019-06-27 18:11:35.278267', 0, 'yudhap', '', '', '', 0, 1, '2019-06-25 03:08:16.762129');

-- --------------------------------------------------------

--
-- Table structure for table `auth_user_groups`
--

CREATE TABLE `auth_user_groups` (
  `id` int(11) NOT NULL,
  `user_id` int(11) NOT NULL,
  `group_id` int(11) NOT NULL
) ENGINE=InnoDB DEFAULT CHARSET=latin1;

-- --------------------------------------------------------

--
-- Table structure for table `auth_user_user_permissions`
--

CREATE TABLE `auth_user_user_permissions` (
  `id` int(11) NOT NULL,
  `user_id` int(11) NOT NULL,
  `permission_id` int(11) NOT NULL
) ENGINE=InnoDB DEFAULT CHARSET=latin1;

-- --------------------------------------------------------

--
-- Table structure for table `blog_post`
--

CREATE TABLE `blog_post` (
  `id` int(11) NOT NULL,
  `title` varchar(255) NOT NULL,
  `body` longtext NOT NULL,
  `waktu_posting` datetime(6) NOT NULL,
  `category` varchar(255) NOT NULL
) ENGINE=InnoDB DEFAULT CHARSET=latin1;

--
-- Dumping data for table `blog_post`
--

INSERT INTO `blog_post` (`id`, `title`, `body`, `waktu_posting`, `category`) VALUES
(1, 'Tugas Skripsi', 'Asik ASIK ASIK ASIK ASIK ASIK ASIK ASIK', '2019-05-22 20:49:19.146667', 'Jurnal'),
(2, 'post 1', 'Ini adalah post 1', '2019-05-22 20:49:19.146667', 'jajan'),
(3, 'post 2', 'ini adalah post 2', '2019-05-22 20:49:19.146667', 'berita'),
(4, 'post 3', 'ini adalah post 3', '2019-05-22 20:49:19.146667', 'berita'),
(5, 'post 4', 'ini adalah post 4', '2019-05-22 20:58:56.503783', 'berita');

-- --------------------------------------------------------

--
-- Table structure for table `django_admin_log`
--

CREATE TABLE `django_admin_log` (
  `id` int(11) NOT NULL,
  `action_time` datetime(6) NOT NULL,
  `object_id` longtext,
  `object_repr` varchar(200) NOT NULL,
  `action_flag` smallint(5) UNSIGNED NOT NULL,
  `change_message` longtext NOT NULL,
  `content_type_id` int(11) DEFAULT NULL,
  `user_id` int(11) NOT NULL
) ENGINE=InnoDB DEFAULT CHARSET=latin1;

--
-- Dumping data for table `django_admin_log`
--

INSERT INTO `django_admin_log` (`id`, `action_time`, `object_id`, `object_repr`, `action_flag`, `change_message`, `content_type_id`, `user_id`) VALUES
(1, '2019-05-22 08:00:42.739760', '1', 'Post object (1)', 1, '[{\"added\": {}}]', 7, 1),
(2, '2019-05-22 12:39:00.978691', '2', 'post 1', 1, '[{\"added\": {}}]', 7, 1),
(3, '2019-05-22 12:39:13.338727', '3', 'post 2', 1, '[{\"added\": {}}]', 7, 1),
(4, '2019-05-22 13:09:54.567838', '4', 'post 3', 1, '[{\"added\": {}}]', 7, 1),
(5, '2019-05-22 20:58:56.518786', '5', 'post 4', 1, '[{\"added\": {}}]', 7, 1),
(6, '2019-05-22 23:00:13.580037', '5', '5. post 4', 2, '[{\"changed\": {\"fields\": [\"category\"]}}]', 7, 1),
(7, '2019-05-22 23:00:16.605301', '5', '5. post 4', 2, '[]', 7, 1),
(8, '2019-05-22 23:00:18.100791', '5', '5. post 4', 2, '[]', 7, 1),
(9, '2019-05-22 23:00:22.640131', '4', '4. post 3', 2, '[{\"changed\": {\"fields\": [\"category\"]}}]', 7, 1),
(10, '2019-05-22 23:00:26.981804', '3', '3. post 2', 2, '[{\"changed\": {\"fields\": [\"category\"]}}]', 7, 1),
(11, '2019-05-22 23:00:32.852138', '2', '2. post 1', 2, '[{\"changed\": {\"fields\": [\"category\"]}}]', 7, 1),
(12, '2019-05-22 23:00:45.014782', '1', '1. Tugas Skripsi', 2, '[{\"changed\": {\"fields\": [\"category\"]}}]', 7, 1),
(13, '2019-05-22 23:08:52.483255', '1', '1. Tugas Skripsi', 2, '[{\"changed\": {\"fields\": [\"category\"]}}]', 7, 1);

-- --------------------------------------------------------

--
-- Table structure for table `django_content_type`
--

CREATE TABLE `django_content_type` (
  `id` int(11) NOT NULL,
  `app_label` varchar(100) NOT NULL,
  `model` varchar(100) NOT NULL
) ENGINE=InnoDB DEFAULT CHARSET=latin1;

--
-- Dumping data for table `django_content_type`
--

INSERT INTO `django_content_type` (`id`, `app_label`, `model`) VALUES
(1, 'admin', 'logentry'),
(3, 'auth', 'group'),
(2, 'auth', 'permission'),
(4, 'auth', 'user'),
(7, 'blog', 'post'),
(5, 'contenttypes', 'contenttype'),
(8, 'input_data', 'penjualanmodel'),
(6, 'sessions', 'session');

-- --------------------------------------------------------

--
-- Table structure for table `django_migrations`
--

CREATE TABLE `django_migrations` (
  `id` int(11) NOT NULL,
  `app` varchar(255) NOT NULL,
  `name` varchar(255) NOT NULL,
  `applied` datetime(6) NOT NULL
) ENGINE=InnoDB DEFAULT CHARSET=latin1;

--
-- Dumping data for table `django_migrations`
--

INSERT INTO `django_migrations` (`id`, `app`, `name`, `applied`) VALUES
(1, 'contenttypes', '0001_initial', '2019-05-22 06:58:32.089671'),
(2, 'auth', '0001_initial', '2019-05-22 06:58:33.334737'),
(3, 'admin', '0001_initial', '2019-05-22 06:58:38.578287'),
(4, 'admin', '0002_logentry_remove_auto_add', '2019-05-22 06:58:40.739371'),
(5, 'admin', '0003_logentry_add_action_flag_choices', '2019-05-22 06:58:40.770002'),
(6, 'contenttypes', '0002_remove_content_type_name', '2019-05-22 06:58:42.017632'),
(7, 'auth', '0002_alter_permission_name_max_length', '2019-05-22 06:58:42.548621'),
(8, 'auth', '0003_alter_user_email_max_length', '2019-05-22 06:58:43.007941'),
(9, 'auth', '0004_alter_user_username_opts', '2019-05-22 06:58:43.031432'),
(10, 'auth', '0005_alter_user_last_login_null', '2019-05-22 06:58:43.391082'),
(11, 'auth', '0006_require_contenttypes_0002', '2019-05-22 06:58:43.409191'),
(12, 'auth', '0007_alter_validators_add_error_messages', '2019-05-22 06:58:43.438005'),
(13, 'auth', '0008_alter_user_username_max_length', '2019-05-22 06:58:44.175079'),
(14, 'auth', '0009_alter_user_last_name_max_length', '2019-05-22 06:58:44.687954'),
(15, 'auth', '0010_alter_group_name_max_length', '2019-05-22 06:58:45.375943'),
(16, 'auth', '0011_update_proxy_permissions', '2019-05-22 06:58:45.422537'),
(17, 'sessions', '0001_initial', '2019-05-22 06:58:45.785474'),
(18, 'blog', '0001_initial', '2019-05-22 07:32:40.282788'),
(19, 'blog', '0002_auto_20190523_0338', '2019-05-22 20:39:03.383284'),
(20, 'blog', '0003_auto_20190523_0341', '2019-05-22 20:41:50.614270'),
(21, 'blog', '0004_post_waktu_posting', '2019-05-22 20:49:19.458264'),
(22, 'blog', '0005_auto_20190523_0531', '2019-05-22 22:32:06.780632'),
(23, 'blog', '0006_auto_20190523_0559', '2019-05-22 22:59:54.514104'),
(24, 'input_data', '0001_initial', '2019-06-14 00:44:15.771529'),
(25, 'input_data', '0002_auto_20190612_1304', '2019-06-14 00:44:16.889412'),
(26, 'input_data', '0003_auto_20190612_1313', '2019-06-14 00:44:16.983204'),
(27, 'input_data', '0004_auto_20190615_0536', '2019-06-14 22:36:49.642375'),
(28, 'input_data', '0005_auto_20190617_0602', '2019-06-16 23:02:17.350722'),
(29, 'forecasting', '0001_initial', '2019-06-24 13:49:37.162525');

-- --------------------------------------------------------

--
-- Table structure for table `django_session`
--

CREATE TABLE `django_session` (
  `session_key` varchar(40) NOT NULL,
  `session_data` longtext NOT NULL,
  `expire_date` datetime(6) NOT NULL
) ENGINE=InnoDB DEFAULT CHARSET=latin1;

--
-- Dumping data for table `django_session`
--

INSERT INTO `django_session` (`session_key`, `session_data`, `expire_date`) VALUES
('c6l7hyp2g7bk3wjc8em4t7qwzbq17w10', 'OTIwM2JjZjAxMjZhNWViMjc0NmM2ODI3YTg5NzUwMDMwZjk3MTQwZjp7fQ==', '2019-07-09 03:29:16.987618'),
('dvv5iv2mwsvsw4b9pb985znj5b3tqo1y', 'NzgxOGJiYTYxYzU0ZGNhODljNzAzYzFkZjM2NzY3MTI0ZDhmODQ3OTp7Il9hdXRoX3VzZXJfaWQiOiI4IiwiX2F1dGhfdXNlcl9iYWNrZW5kIjoiZGphbmdvLmNvbnRyaWIuYXV0aC5iYWNrZW5kcy5Nb2RlbEJhY2tlbmQiLCJfYXV0aF91c2VyX2hhc2giOiJjZTM0MmFkMjZiNjRlYWU3Y2FiOGZiZjgzNGIyN2ExODA1ZGEyMDZjIn0=', '2019-07-11 07:49:44.245093'),
('n30ceub9zq18b4zrb3n8glmtu7ade42v', 'MzY2MGNmYTg4YzI0YzMwZTM2MjBhNTA4YjhjN2E0ZGE0ODZjNGViMTp7Il9hdXRoX3VzZXJfaWQiOiIxIiwiX2F1dGhfdXNlcl9iYWNrZW5kIjoiZGphbmdvLmNvbnRyaWIuYXV0aC5iYWNrZW5kcy5Nb2RlbEJhY2tlbmQiLCJfYXV0aF91c2VyX2hhc2giOiIwMjUzYzg2YTkwYTZmNjE0YmIzY2QwMGY2YzAwMTJjNmZlOWE0MmFkIn0=', '2019-06-05 07:35:14.596625'),
('o7y8ytkj8h6erltbyoey6b024l018adr', 'NzgxOGJiYTYxYzU0ZGNhODljNzAzYzFkZjM2NzY3MTI0ZDhmODQ3OTp7Il9hdXRoX3VzZXJfaWQiOiI4IiwiX2F1dGhfdXNlcl9iYWNrZW5kIjoiZGphbmdvLmNvbnRyaWIuYXV0aC5iYWNrZW5kcy5Nb2RlbEJhY2tlbmQiLCJfYXV0aF91c2VyX2hhc2giOiJjZTM0MmFkMjZiNjRlYWU3Y2FiOGZiZjgzNGIyN2ExODA1ZGEyMDZjIn0=', '2019-07-11 18:11:35.371284'),
('r89t2r3722t4ygd5mxhl221zxfrpcgoe', 'NzgxOGJiYTYxYzU0ZGNhODljNzAzYzFkZjM2NzY3MTI0ZDhmODQ3OTp7Il9hdXRoX3VzZXJfaWQiOiI4IiwiX2F1dGhfdXNlcl9iYWNrZW5kIjoiZGphbmdvLmNvbnRyaWIuYXV0aC5iYWNrZW5kcy5Nb2RlbEJhY2tlbmQiLCJfYXV0aF91c2VyX2hhc2giOiJjZTM0MmFkMjZiNjRlYWU3Y2FiOGZiZjgzNGIyN2ExODA1ZGEyMDZjIn0=', '2019-07-09 04:45:03.680788');

-- --------------------------------------------------------

--
-- Table structure for table `forecasting_forecastingpenjualanmodel`
--

CREATE TABLE `forecasting_forecastingpenjualanmodel` (
  `id_penjualan` int(11) NOT NULL,
  `bulan_transaksi` varchar(200) NOT NULL,
  `tahun_transaksi` int(11) NOT NULL,
  `jumlah_hotel` int(11) NOT NULL,
  `jumlah_mall` int(11) NOT NULL,
  `jumlah_apartemen` int(11) NOT NULL,
  `jumlah_C441` int(11) NOT NULL,
  `jumlah_C442` int(11) NOT NULL,
  `jumlah_C443` int(11) NOT NULL,
  `jumlah_C451` int(11) NOT NULL,
  `jumlah_C452` int(11) NOT NULL,
  `jumlah_C453` int(11) NOT NULL,
  `jumlah_C461` int(11) NOT NULL,
  `jumlah_C462` int(11) NOT NULL,
  `jumlah_C463` int(11) NOT NULL,
  `jasa_pembersih_air` int(11) NOT NULL,
  `jasa_pembersih_kerak_sillica` int(11) NOT NULL,
  `jasa_pembersih_cooling_tower` int(11) NOT NULL,
  `jasa_pembersih_stp` int(11) NOT NULL,
  `jumlah_asam_sulfat` int(11) NOT NULL,
  `jumlah_molases` int(11) NOT NULL,
  `jumlah_hcl` int(11) NOT NULL,
  `jumlah_abf` int(11) NOT NULL,
  `create_time` datetime(6) NOT NULL,
  `update_time` datetime(6) NOT NULL
) ENGINE=InnoDB DEFAULT CHARSET=latin1;

-- --------------------------------------------------------

--
-- Table structure for table `input_data_penjualanmodel`
--

CREATE TABLE `input_data_penjualanmodel` (
  `id_penjualan` int(11) NOT NULL,
  `bulan_transaksi` varchar(200) NOT NULL,
  `tahun_transaksi` int(11) NOT NULL,
  `jumlah_hotel` int(11) NOT NULL,
  `jumlah_mall` int(11) NOT NULL,
  `jumlah_apartemen` int(11) NOT NULL,
  `jumlah_C441` int(11) NOT NULL,
  `jumlah_C442` int(11) NOT NULL,
  `jumlah_C443` int(11) NOT NULL,
  `jumlah_C451` int(11) NOT NULL,
  `jumlah_C452` int(11) NOT NULL,
  `jumlah_C453` int(11) NOT NULL,
  `jumlah_C461` int(11) NOT NULL,
  `jumlah_C462` int(11) NOT NULL,
  `jumlah_C463` int(11) NOT NULL,
  `jasa_pembersih_air` int(11) NOT NULL,
  `jasa_pembersih_kerak_sillica` int(11) NOT NULL,
  `jasa_pembersih_cooling_tower` int(11) NOT NULL,
  `jasa_pembersih_stp` int(11) NOT NULL,
  `jumlah_asam_sulfat` int(11) NOT NULL,
  `jumlah_molases` int(11) NOT NULL,
  `jumlah_hcl` int(11) NOT NULL,
  `jumlah_abf` int(11) NOT NULL,
  `pendapatan` int(11) DEFAULT '0',
  `create_time` datetime(6) NOT NULL DEFAULT CURRENT_TIMESTAMP(6),
  `update_time` datetime(6) NOT NULL DEFAULT CURRENT_TIMESTAMP(6)
) ENGINE=InnoDB DEFAULT CHARSET=latin1;

--
-- Dumping data for table `input_data_penjualanmodel`
--

INSERT INTO `input_data_penjualanmodel` (`id_penjualan`, `bulan_transaksi`, `tahun_transaksi`, `jumlah_hotel`, `jumlah_mall`, `jumlah_apartemen`, `jumlah_C441`, `jumlah_C442`, `jumlah_C443`, `jumlah_C451`, `jumlah_C452`, `jumlah_C453`, `jumlah_C461`, `jumlah_C462`, `jumlah_C463`, `jasa_pembersih_air`, `jasa_pembersih_kerak_sillica`, `jasa_pembersih_cooling_tower`, `jasa_pembersih_stp`, `jumlah_asam_sulfat`, `jumlah_molases`, `jumlah_hcl`, `jumlah_abf`, `pendapatan`, `create_time`, `update_time`) VALUES
(1, 'januari', 2008, 9, 25, 24, 21, 131, 41, 111, 58, 68, 215, 570, 120, 149, 405, 208, 290, 344, 405, 308, 290, 1231241, '2019-06-26 21:47:24.621041', '2019-06-26 21:47:24.621041'),
(2, 'februari', 2008, 9, 26, 27, 23, 255, 234, 295, 47, 263, 211, 510, 60, 345, 313, 502, 315, 545, 413, 312, 315, 123123, '2019-06-26 21:47:24.669759', '2019-06-26 21:47:24.669759'),
(3, 'maret', 2008, 8, 28, 28, 27, 80, 59, 120, 48, 87, 212, 390, 60, 107, 288, 180, 202, 401, 488, 440, 202, 4214, '2019-06-26 21:47:24.690856', '2019-06-26 21:47:24.690856'),
(4, 'april', 2008, 9, 28, 27, 24, 94, 73, 134, 49, 100, 213, 441, 60, 126, 351, 206, 241, 511, 551, 556, 241, 12312, '2019-06-26 21:47:24.712044', '2019-06-26 21:47:24.712044'),
(5, 'mei', 2008, 11, 29, 27, 26, 241, 220, 281, 50, 246, 215, 390, 60, 326, 368, 476, 335, 521, 568, 566, 335, 421412, '2019-06-26 21:47:24.741175', '2019-06-26 21:47:24.741175'),
(6, 'juni', 2008, 15, 31, 31, 30, 179, 158, 219, 51, 183, 217, 390, 60, 242, 344, 362, 287, 442, 544, 562, 287, 41241, '2019-06-26 21:47:24.761485', '2019-06-26 21:47:24.761485'),
(7, 'juli', 2008, 14, 32, 28, 32, 269, 188, 249, 64, 200, 221, 390, 120, 337, 379, 461, 356, 537, 579, 561, 356, 41241241, '2019-06-26 21:47:24.783482', '2019-06-26 21:47:24.783482'),
(8, 'agustus', 2008, 15, 32, 32, 26, 234, 213, 274, 53, 236, 224, 390, 60, 317, 229, 463, 261, 517, 429, 563, 261, 4124121, '2019-06-26 21:47:24.803018', '2019-06-26 21:47:24.803018'),
(9, 'september', 2008, 15, 34, 31, 28, 75, 54, 115, 54, 76, 215, 390, 60, 100, 290, 171, 200, 400, 490, 571, 200, 12412, '2019-06-26 21:47:24.825029', '2019-06-26 21:47:24.825029'),
(10, 'oktober', 2008, 17, 34, 35, 34, 65, 94, 155, 105, 65, 210, 390, 120, 109, 301, 208, 221, 409, 501, 508, 221, 124124, '2019-06-26 21:47:24.844783', '2019-06-26 21:47:24.844783'),
(11, 'november', 2008, 18, 35, 36, 36, 185, 164, 225, 56, 184, 216, 240, 60, 250, 233, 373, 234, 550, 433, 573, 234, 421421, '2019-06-26 21:47:24.866172', '2019-06-26 21:47:24.866172'),
(12, 'desember', 2008, 21, 35, 34, 36, 626, 590, 651, 42, 624, 226, 75, 75, 845, 275, 361, 509, 545, 475, 567, 509, 123123, '2019-06-26 21:47:24.886311', '2019-06-26 21:47:24.886311'),
(13, 'januari', 2009, 19, 36, 36, 38, 319, 238, 299, 70, 244, 226, 570, 120, 405, 334, 553, 362, 605, 534, 553, 362, 4214, '2019-06-26 21:47:24.907657', '2019-06-26 21:47:24.907657'),
(14, 'februari', 2009, 20, 35, 34, 40, 161, 140, 201, 59, 157, 224, 390, 60, 217, 338, 329, 273, 511, 534, 529, 273, 12312, '2019-06-26 21:47:24.928121', '2019-06-26 21:47:24.928121'),
(15, 'maret', 2009, 20, 35, 39, 43, 161, 140, 201, 60, 156, 226, 390, 60, 217, 338, 329, 273, 742, 568, 529, 273, 421412, '2019-06-26 21:47:24.949128', '2019-06-26 21:47:24.949128'),
(16, 'april', 2009, 24, 35, 37, 45, 161, 140, 201, 61, 155, 227, 390, 60, 217, 338, 329, 273, 531, 533, 629, 273, 41241, '2019-06-26 21:47:24.969787', '2019-06-26 21:47:24.969787'),
(17, 'mei', 2009, 24, 35, 40, 44, 321, 300, 361, 62, 314, 230, 390, 60, 435, 398, 623, 396, 635, 565, 523, 396, 41241241, '2019-06-26 21:47:24.991225', '2019-06-26 21:47:24.991225'),
(18, 'juni', 2009, 25, 39, 39, 49, 89, 68, 129, 63, 81, 231, 390, 60, 119, 284, 197, 205, 619, 684, 697, 205, 4124121, '2019-06-26 21:47:25.011473', '2019-06-26 21:47:25.011473'),
(19, 'juli', 2009, 25, 39, 40, 51, 129, 48, 109, 76, 48, 232, 640, 120, 146, 459, 204, 316, 646, 659, 504, 316, 12412, '2019-06-26 21:47:25.050168', '2019-06-26 21:47:25.050168'),
(20, 'agustus', 2009, 26, 38, 36, 49, 285, 264, 325, 65, 275, 235, 390, 60, 386, 385, 557, 369, 886, 585, 557, 369, 124124, '2019-06-26 21:47:25.070086', '2019-06-26 21:47:25.070086'),
(21, 'september', 2009, 25, 38, 39, 53, 129, 108, 169, 66, 118, 231, 390, 60, 174, 269, 270, 220, 674, 669, 570, 220, 421421, '2019-06-26 21:47:25.091249', '2019-06-26 21:47:25.091249'),
(22, 'oktober', 2009, 25, 39, 39, 59, 247, 166, 227, 79, 163, 332, 390, 120, 307, 370, 421, 339, 807, 670, 521, 339, 123123, '2019-06-26 21:47:25.112102', '2019-06-26 21:47:25.112102'),
(23, 'november', 2009, 25, 40, 39, 61, 154, 73, 134, 80, 69, 324, 780, 120, 180, 446, 250, 380, 680, 656, 550, 380, 4214, '2019-06-26 21:47:25.133111', '2019-06-26 21:47:25.133111'),
(24, 'desember', 2009, 26, 41, 40, 65, 319, 238, 299, 81, 233, 331, 780, 120, 405, 494, 553, 443, 905, 694, 553, 443, 12312, '2019-06-26 21:47:25.153137', '2019-06-26 21:47:25.153137'),
(25, 'januari', 2010, 27, 41, 41, 67, 131, 50, 111, 58, 68, 332, 570, 120, 149, 405, 265, 290, 549, 805, 608, 290, 421412, '2019-06-26 21:47:25.175179', '2019-06-26 21:47:25.175179'),
(26, 'februari', 2010, 28, 41, 35, 66, 255, 234, 295, 47, 263, 335, 510, 60, 345, 313, 502, 315, 845, 713, 602, 315, 41241, '2019-06-26 21:47:25.195446', '2019-06-26 21:47:25.195446'),
(27, 'maret', 2010, 27, 42, 41, 68, 80, 59, 120, 48, 87, 329, 390, 60, 107, 288, 180, 202, 607, 688, 680, 202, 41241241, '2019-06-26 21:47:25.216449', '2019-06-26 21:47:25.216449'),
(28, 'april', 2010, 27, 42, 41, 65, 94, 73, 134, 49, 100, 333, 441, 60, 126, 351, 206, 241, 626, 751, 706, 241, 4124121, '2019-06-26 21:47:25.236451', '2019-06-26 21:47:25.236451'),
(29, 'mei', 2010, 29, 42, 41, 67, 241, 220, 281, 50, 246, 343, 390, 60, 326, 368, 476, 335, 626, 768, 876, 335, 12412, '2019-06-26 21:47:25.258205', '2019-06-26 21:47:25.258205'),
(30, 'juni', 2010, 29, 42, 41, 78, 179, 158, 219, 51, 183, 352, 390, 60, 242, 344, 362, 287, 742, 744, 762, 287, 421421, '2019-06-26 21:47:25.278472', '2019-06-26 21:47:25.278472'),
(31, 'juli', 2010, 29, 42, 41, 80, 269, 188, 249, 64, 200, 353, 390, 120, 337, 379, 461, 356, 837, 779, 861, 356, 123123, '2019-06-26 21:47:25.299709', '2019-06-26 21:47:25.299709'),
(32, 'agustus', 2010, 29, 44, 42, 84, 234, 213, 274, 53, 236, 354, 390, 60, 317, 229, 463, 261, 817, 629, 863, 261, 4214, '2019-06-26 21:47:25.319953', '2019-06-26 21:47:25.319953'),
(33, 'september', 2010, 30, 45, 45, 84, 75, 54, 115, 54, 76, 355, 390, 60, 100, 290, 171, 200, 600, 690, 671, 200, 12312, '2019-06-26 21:47:25.340959', '2019-06-26 21:47:25.340959'),
(34, 'oktober', 2010, 31, 45, 48, 84, 65, 94, 155, 105, 65, 350, 390, 120, 109, 301, 208, 221, 609, 701, 708, 221, 421412, '2019-06-26 21:47:25.361176', '2019-06-26 21:47:25.361176'),
(35, 'november', 2010, 30, 45, 49, 86, 185, 164, 225, 56, 184, 370, 240, 60, 250, 233, 373, 234, 750, 633, 773, 234, 41241, '2019-06-26 21:47:25.383180', '2019-06-26 21:47:25.383180'),
(36, 'desember', 2010, 34, 46, 46, 99, 626, 590, 651, 42, 624, 346, 75, 75, 845, 275, 467, 509, 845, 675, 867, 509, 41241241, '2019-06-26 21:47:25.403185', '2019-06-26 21:47:25.403185'),
(37, 'januari', 2011, 31, 45, 48, 95, 319, 238, 299, 70, 244, 356, 570, 120, 405, 334, 553, 362, 905, 734, 853, 362, 4124121, '2019-06-26 21:47:25.426190', '2019-06-26 21:47:25.426190'),
(38, 'februari', 2011, 31, 45, 49, 97, 161, 140, 201, 59, 157, 366, 390, 60, 217, 338, 329, 273, 717, 738, 829, 273, 12412, '2019-06-26 21:47:25.445195', '2019-06-26 21:47:25.445195'),
(39, 'maret', 2011, 31, 47, 49, 99, 161, 140, 201, 60, 156, 376, 390, 60, 217, 338, 329, 273, 717, 738, 829, 273, 124124, '2019-06-26 21:47:25.467199', '2019-06-26 21:47:25.467199'),
(40, 'april', 2011, 33, 48, 47, 100, 161, 140, 201, 61, 155, 396, 390, 60, 217, 338, 329, 273, 717, 738, 829, 273, 421421, '2019-06-26 21:47:25.496206', '2019-06-26 21:47:25.496206'),
(41, 'mei', 2011, 34, 49, 50, 99, 321, 300, 361, 62, 314, 386, 390, 60, 435, 398, 623, 396, 935, 798, 723, 396, 123123, '2019-06-26 21:47:25.525212', '2019-06-26 21:47:25.525212'),
(42, 'juni', 2011, 37, 49, 49, 110, 89, 68, 129, 63, 81, 356, 390, 60, 119, 284, 197, 205, 619, 684, 697, 205, 4214, '2019-06-26 21:47:25.545216', '2019-06-26 21:47:25.545216'),
(43, 'juli', 2011, 37, 49, 50, 105, 129, 48, 109, 76, 48, 566, 640, 120, 146, 459, 204, 316, 646, 859, 704, 316, 12312, '2019-06-26 21:47:25.566204', '2019-06-26 21:47:25.566204'),
(44, 'agustus', 2011, 39, 50, 50, 107, 285, 264, 325, 65, 275, 620, 390, 60, 386, 385, 557, 369, 886, 785, 757, 369, 421412, '2019-06-26 21:47:25.586492', '2019-06-26 21:47:25.586492'),
(45, 'september', 2011, 41, 52, 52, 104, 129, 108, 169, 66, 118, 316, 390, 60, 174, 269, 270, 220, 674, 669, 770, 220, 41241, '2019-06-26 21:47:25.608194', '2019-06-26 21:47:25.608194'),
(46, 'oktober', 2011, 41, 52, 53, 106, 247, 166, 227, 79, 163, 582, 390, 120, 307, 370, 421, 339, 807, 770, 821, 339, 41241241, '2019-06-26 21:47:25.629497', '2019-06-26 21:47:25.629497'),
(47, 'november', 2011, 42, 52, 52, 108, 154, 73, 134, 80, 69, 681, 780, 120, 180, 556, 250, 380, 680, 956, 750, 380, 4124121, '2019-06-26 21:47:25.650499', '2019-06-26 21:47:25.650499'),
(48, 'desember', 2011, 45, 52, 53, 107, 319, 238, 299, 81, 233, 516, 780, 120, 405, 494, 553, 443, 905, 894, 753, 443, 421421, '2019-06-26 21:47:25.670502', '2019-06-26 21:47:25.670502'),
(49, 'januari', 2012, 46, 52, 54, 110, 201, 120, 181, 82, 114, 536, 390, 120, 245, 353, 336, 304, 545, 853, 836, 304, 123123, '2019-06-26 21:47:25.691505', '2019-06-26 21:47:25.691505'),
(50, 'februari', 2012, 46, 54, 56, 112, 329, 308, 369, 71, 313, 116, 390, 60, 446, 193, 638, 297, 946, 693, 838, 297, 4214, '2019-06-26 21:47:25.711506', '2019-06-26 21:47:25.711506'),
(51, 'maret', 2012, 45, 56, 55, 116, 249, 228, 289, 72, 232, 376, 570, 60, 337, 360, 491, 336, 837, 760, 791, 336, 12312, '2019-06-26 21:47:25.733030', '2019-06-26 21:47:25.733030'),
(52, 'april', 2012, 43, 55, 56, 118, 456, 375, 436, 85, 366, 656, 255, 120, 592, 347, 805, 448, 992, 747, 805, 448, 421412, '2019-06-26 21:47:25.753512', '2019-06-26 21:47:25.753512'),
(53, 'mei', 2012, 43, 55, 55, 121, 401, 380, 441, 74, 382, 496, 150, 60, 545, 246, 770, 365, 945, 646, 770, 365, 41241, '2019-06-26 21:47:25.783520', '2019-06-26 21:47:25.783520'),
(54, 'juni', 2012, 47, 57, 58, 123, 161, 140, 201, 75, 141, 346, 240, 60, 217, 224, 329, 216, 717, 624, 829, 216, 41241241, '2019-06-26 21:47:25.803179', '2019-06-26 21:47:25.803179'),
(55, 'juli', 2012, 47, 56, 56, 125, 311, 230, 291, 88, 218, 646, 390, 120, 395, 395, 539, 388, 895, 795, 739, 388, 4124121, '2019-06-26 21:47:25.825519', '2019-06-26 21:47:25.825519'),
(56, 'agustus', 2012, 47, 55, 54, 128, 351, 330, 391, 77, 329, 686, 390, 60, 476, 410, 678, 419, 676, 910, 878, 419, 12412, '2019-06-26 21:47:25.875526', '2019-06-26 21:47:25.875526'),
(57, 'september', 2012, 47, 56, 54, 130, 106, 85, 146, 78, 83, 446, 395, 60, 142, 321, 228, 233, 642, 821, 728, 233, 124124, '2019-06-26 21:47:25.894842', '2019-06-26 21:47:25.894842'),
(58, 'oktober', 2012, 47, 56, 55, 134, 99, 60, 121, 61, 75, 346, 390, 120, 125, 281, 195, 217, 625, 681, 695, 217, 421421, '2019-06-26 21:47:25.925537', '2019-06-26 21:47:25.925537'),
(59, 'november', 2012, 48, 56, 54, 136, 151, 130, 191, 80, 126, 546, 450, 60, 204, 379, 311, 289, 704, 779, 811, 289, 123123, '2019-06-26 21:47:25.944841', '2019-06-26 21:47:25.944841'),
(60, 'desember', 2012, 49, 58, 57, 141, 99, 78, 139, 81, 73, 346, 390, 60, 133, 281, 215, 209, 633, 681, 715, 209, 421421, '2019-06-26 21:47:25.966859', '2019-06-26 21:47:25.966859'),
(61, 'januari', 2013, 51, 59, 58, 143, 111, 48, 109, 76, 48, 446, 390, 120, 130, 319, 191, 238, 630, 719, 691, 238, 123123, '2019-06-26 21:47:25.986506', '2019-06-26 21:47:25.986506'),
(62, 'februari', 2013, 51, 60, 59, 149, 225, 204, 265, 83, 197, 410, 240, 60, 305, 248, 447, 265, 805, 648, 847, 265, 4214, '2019-06-26 21:47:26.008542', '2019-06-26 21:47:26.008542'),
(63, 'maret', 2013, 51, 60, 60, 148, 209, 188, 249, 84, 180, 266, 420, 60, 283, 262, 417, 263, 783, 662, 817, 263, 12312, '2019-06-26 21:47:26.028550', '2019-06-26 21:47:26.028550'),
(64, 'april', 2013, 53, 61, 61, 150, 191, 110, 171, 97, 89, 526, 390, 120, 231, 349, 318, 296, 731, 749, 818, 296, 421412, '2019-06-26 21:47:26.050196', '2019-06-26 21:47:26.050196'),
(65, 'mei', 2013, 53, 62, 62, 153, 242, 221, 282, 86, 211, 343, 530, 60, 328, 333, 478, 317, 828, 733, 978, 317, 41241, '2019-06-26 21:47:26.099770', '2019-06-26 21:47:26.099770'),
(66, 'juni', 2013, 55, 62, 63, 155, 356, 335, 396, 87, 324, 466, 165, 60, 483, 241, 688, 337, 983, 641, 988, 337, 41241241, '2019-06-26 21:47:26.119863', '2019-06-26 21:47:26.119863'),
(67, 'juli', 2013, 57, 63, 64, 157, 177, 96, 157, 100, 72, 692, 570, 120, 212, 481, 292, 355, 712, 881, 792, 355, 4124121, '2019-06-26 21:47:26.142044', '2019-06-26 21:47:26.142044'),
(68, 'agustus', 2013, 56, 64, 65, 163, 117, 96, 157, 89, 83, 452, 390, 60, 157, 321, 248, 240, 657, 721, 748, 240, 12412, '2019-06-26 21:47:26.161530', '2019-06-26 21:47:26.161530'),
(69, 'september', 2013, 56, 64, 66, 167, 105, 54, 115, 72, 58, 460, 410, 120, 127, 332, 193, 244, 627, 732, 693, 244, 124124, '2019-06-26 21:47:26.183515', '2019-06-26 21:47:26.183515'),
(70, 'oktober', 2013, 56, 65, 67, 169, 337, 256, 317, 103, 229, 762, 480, 120, 430, 473, 586, 443, 930, 873, 986, 443, 421421, '2019-06-26 21:47:26.203195', '2019-06-26 21:47:26.203195'),
(71, 'november', 2013, 58, 66, 68, 172, 85, 64, 125, 92, 48, 360, 390, 60, 114, 286, 189, 203, 614, 686, 689, 203, 123123, '2019-06-26 21:47:26.253194', '2019-06-26 21:47:26.253194'),
(72, 'desember', 2013, 62, 66, 69, 174, 110, 89, 150, 93, 72, 425, 480, 60, 148, 345, 235, 248, 848, 745, 735, 248, 4214, '2019-06-26 21:47:26.283200', '2019-06-26 21:47:26.283200'),
(73, 'januari', 2014, 62, 67, 71, 179, 75, 84, 145, 124, 66, 410, 390, 120, 114, 305, 215, 225, 814, 705, 715, 225, 12312, '2019-06-26 21:47:26.303192', '2019-06-26 21:47:26.303192'),
(74, 'februari', 2014, 62, 68, 73, 181, 269, 248, 309, 95, 229, 604, 390, 60, 365, 379, 528, 356, 865, 779, 928, 356, 421412, '2019-06-26 21:47:26.325201', '2019-06-26 21:47:26.325201'),
(75, 'maret', 2014, 62, 68, 70, 183, 195, 174, 235, 96, 154, 370, 510, 60, 264, 335, 392, 292, 864, 735, 892, 292, 41241, '2019-06-26 21:47:26.344858', '2019-06-26 21:47:26.344858'),
(76, 'april', 2014, 62, 69, 71, 185, 289, 208, 269, 109, 175, 724, 490, 120, 365, 462, 498, 410, 965, 862, 998, 410, 421421, '2019-06-26 21:47:26.366582', '2019-06-26 21:47:26.366582'),
(77, 'mei', 2014, 62, 70, 72, 187, 317, 296, 357, 98, 274, 412, 150, 60, 430, 214, 616, 301, 830, 614, 916, 301, 123123, '2019-06-26 21:47:26.387274', '2019-06-26 21:47:26.387274'),
(78, 'juni', 2014, 64, 70, 73, 189, 278, 257, 318, 99, 234, 453, 230, 60, 377, 260, 544, 302, 877, 660, 844, 302, 4214, '2019-06-26 21:47:26.408588', '2019-06-26 21:47:26.408588'),
(79, 'juli', 2014, 62, 71, 74, 179, 232, 211, 272, 100, 187, 463, 640, 60, 314, 420, 460, 356, 914, 820, 860, 356, 12312, '2019-06-26 21:47:26.428215', '2019-06-26 21:47:26.428215'),
(80, 'agustus', 2014, 63, 72, 75, 181, 145, 124, 185, 101, 99, 550, 640, 60, 195, 453, 300, 322, 895, 853, 800, 322, 421412, '2019-06-26 21:47:26.450593', '2019-06-26 21:47:26.450593'),
(81, 'september', 2014, 65, 72, 72, 183, 292, 256, 317, 87, 245, 633, 870, 75, 389, 572, 553, 467, 889, 972, 853, 467, 41241, '2019-06-26 21:47:26.469595', '2019-06-26 21:47:26.469595'),
(82, 'oktober', 2014, 65, 73, 73, 168, 155, 134, 195, 103, 107, 540, 640, 60, 209, 449, 318, 326, 809, 849, 818, 326, 41241241, '2019-06-26 21:47:26.492599', '2019-06-26 21:47:26.492599'),
(83, 'november', 2014, 67, 74, 74, 170, 205, 184, 245, 104, 156, 490, 640, 60, 277, 430, 410, 345, 877, 830, 910, 345, 4124121, '2019-06-26 21:47:26.511601', '2019-06-26 21:47:26.512602'),
(84, 'desember', 2014, 69, 74, 75, 172, 395, 374, 435, 105, 345, 300, 640, 60, 536, 358, 759, 418, 836, 758, 959, 418, 12412, '2019-06-26 21:47:26.533604', '2019-06-26 21:47:26.533604'),
(85, 'januari', 2015, 69, 75, 76, 174, 345, 324, 385, 106, 294, 410, 700, 60, 468, 423, 667, 422, 868, 823, 967, 422, 124124, '2019-06-26 21:47:26.553607', '2019-06-26 21:47:26.553607'),
(86, 'februari', 2015, 69, 76, 77, 176, 485, 464, 525, 107, 433, 360, 790, 60, 659, 438, 925, 511, 959, 838, 925, 511, 421421, '2019-06-26 21:47:26.575613', '2019-06-26 21:47:26.575613'),
(87, 'maret', 2015, 69, 77, 76, 178, 365, 344, 405, 108, 312, 360, 670, 60, 495, 392, 704, 418, 995, 792, 904, 418, 123123, '2019-06-26 21:47:26.595617', '2019-06-26 21:47:26.595617'),
(88, 'april', 2015, 70, 78, 77, 185, 275, 254, 315, 109, 221, 450, 670, 60, 373, 427, 539, 384, 873, 827, 839, 384, 4214, '2019-06-26 21:47:26.616623', '2019-06-26 21:47:26.616623'),
(89, 'mei', 2015, 70, 78, 78, 187, 315, 294, 355, 110, 260, 410, 670, 60, 427, 411, 612, 399, 927, 811, 812, 399, 12312, '2019-06-26 21:47:26.637627', '2019-06-26 21:47:26.637627'),
(90, 'juni', 2015, 72, 79, 78, 189, 215, 194, 255, 111, 159, 410, 570, 60, 291, 373, 428, 322, 791, 773, 428, 322, 421412, '2019-06-26 21:47:26.659632', '2019-06-26 21:47:26.659632'),
(91, 'juli', 2015, 71, 79, 79, 191, 255, 234, 295, 112, 198, 470, 670, 60, 345, 434, 502, 376, 845, 834, 502, 376, 41241, '2019-06-26 21:47:26.678636', '2019-06-26 21:47:26.678636'),
(92, 'agustus', 2015, 71, 80, 80, 193, 295, 274, 335, 113, 237, 400, 640, 60, 400, 396, 575, 380, 900, 796, 575, 380, 41241241, '2019-06-26 21:47:26.700641', '2019-06-26 21:47:26.700641'),
(93, 'september', 2015, 72, 81, 82, 202, 425, 404, 465, 114, 366, 330, 700, 60, 577, 392, 814, 453, 977, 792, 814, 453, 421421, '2019-06-26 21:47:26.720646', '2019-06-26 21:47:26.720646'),
(94, 'oktober', 2015, 72, 82, 83, 204, 243, 222, 283, 115, 183, 372, 560, 60, 329, 355, 480, 329, 829, 755, 780, 329, 123123, '2019-06-26 21:47:26.742628', '2019-06-26 21:47:26.742628'),
(95, 'november', 2015, 73, 83, 84, 206, 92, 71, 132, 116, 115, 303, 340, 60, 123, 245, 233, 187, 623, 645, 833, 187, 4214, '2019-06-26 21:47:26.770630', '2019-06-26 21:47:26.770630'),
(96, 'desember', 2015, 74, 84, 85, 208, 442, 361, 422, 129, 308, 283, 670, 120, 573, 363, 779, 448, 973, 763, 779, 448, 12312, '2019-06-26 21:47:26.792635', '2019-06-26 21:47:26.792635'),
(97, 'januari', 2016, 76, 84, 86, 210, 415, 394, 455, 118, 352, 310, 670, 60, 564, 373, 796, 438, 964, 773, 796, 438, 421412, '2019-06-26 21:47:26.811641', '2019-06-26 21:47:26.811641'),
(98, 'februari', 2016, 76, 82, 87, 214, 305, 284, 345, 119, 241, 604, 854, 60, 414, 555, 594, 466, 914, 955, 594, 466, 41241, '2019-06-26 21:47:26.841651', '2019-06-26 21:47:26.842651'),
(99, 'maret', 2016, 76, 83, 88, 216, 569, 548, 609, 120, 504, 270, 784, 60, 774, 402, 1079, 540, 774, 802, 979, 540, 41241241, '2019-06-26 21:47:26.861568', '2019-06-26 21:47:26.861568'),
(100, 'april', 2016, 76, 84, 89, 218, 119, 98, 159, 121, 53, 724, 788, 60, 160, 576, 252, 369, 660, 976, 852, 369, 4124121, '2019-06-26 21:47:26.883349', '2019-06-26 21:47:26.883349'),
(101, 'mei', 2016, 78, 85, 88, 220, 326, 305, 366, 122, 259, 412, 683, 60, 442, 417, 632, 408, 942, 817, 632, 408, 12412, '2019-06-26 21:47:26.903686', '2019-06-26 21:47:26.903686'),
(102, 'juni', 2016, 78, 86, 89, 227, 396, 375, 436, 123, 328, 453, 794, 60, 538, 475, 761, 478, 938, 875, 761, 478, 124124, '2019-06-26 21:47:26.925667', '2019-06-26 21:47:26.925667'),
(103, 'juli', 2016, 78, 86, 91, 227, 376, 355, 416, 124, 307, 363, 684, 60, 510, 399, 724, 428, 910, 799, 724, 428, 421421, '2019-06-26 21:47:26.945677', '2019-06-26 21:47:26.945677'),
(104, 'agustus', 2016, 78, 87, 92, 229, 138, 117, 178, 125, 152, 550, 633, 60, 186, 451, 318, 317, 686, 851, 818, 317, 123123, '2019-06-26 21:47:26.966707', '2019-06-26 21:47:26.966707'),
(105, 'september', 2016, 79, 88, 93, 231, 205, 184, 245, 126, 134, 633, 783, 60, 277, 539, 410, 400, 777, 939, 710, 400, 4214, '2019-06-26 21:47:26.987354', '2019-06-26 21:47:26.987354'),
(106, 'oktober', 2016, 79, 87, 94, 226, 71, 50, 111, 127, 115, 540, 556, 60, 95, 417, 206, 262, 595, 817, 706, 262, 12312, '2019-06-26 21:47:27.008720', '2019-06-26 21:47:27.008720'),
(107, 'november', 2016, 80, 87, 95, 228, 240, 219, 280, 128, 167, 450, 635, 60, 325, 413, 474, 357, 825, 813, 774, 357, 421412, '2019-06-26 21:47:27.028261', '2019-06-26 21:47:27.028261'),
(108, 'desember', 2016, 80, 88, 93, 232, 389, 368, 429, 129, 315, 300, 634, 60, 528, 356, 748, 414, 928, 756, 748, 414, 41241, '2019-06-26 21:47:27.050665', '2019-06-26 21:47:27.050665'),
(109, 'januari', 2017, 78, 89, 94, 234, 105, 54, 115, 112, 102, 610, 560, 120, 127, 446, 224, 301, 627, 846, 824, 301, 41241241, '2019-06-26 21:47:27.069922', '2019-06-26 21:47:27.069922'),
(110, 'februari', 2017, 78, 89, 95, 239, 95, 74, 135, 131, 103, 430, 470, 60, 127, 343, 239, 238, 627, 743, 839, 238, 4124121, '2019-06-26 21:47:27.092703', '2019-06-26 21:47:27.092703'),
(111, 'maret', 2017, 82, 89, 96, 241, 135, 114, 175, 132, 138, 410, 490, 60, 182, 343, 311, 261, 682, 743, 811, 261, 12412, '2019-06-26 21:47:27.111947', '2019-06-26 21:47:27.111947'),
(112, 'april', 2017, 82, 90, 97, 241, 101, 58, 119, 111, 103, 510, 556, 120, 125, 406, 224, 281, 625, 806, 824, 281, 124124, '2019-06-26 21:47:27.133605', '2019-06-26 21:47:27.133605'),
(113, 'mei', 2017, 85, 90, 98, 243, 230, 209, 270, 134, 151, 635, 460, 60, 311, 417, 456, 353, 811, 817, 856, 353, 421421, '2019-06-26 21:47:27.154619', '2019-06-26 21:47:27.154619'),
(114, 'juni', 2017, 91, 91, 99, 249, 176, 155, 216, 135, 141, 711, 590, 60, 238, 495, 373, 362, 738, 895, 773, 362, 123123, '2019-06-26 21:47:27.175626', '2019-06-26 21:47:27.175626'),
(115, 'juli', 2017, 92, 92, 100, 251, 288, 267, 328, 136, 207, 491, 724, 60, 390, 463, 563, 410, 890, 863, 863, 410, 4214, '2019-06-26 21:47:27.228728', '2019-06-26 21:47:27.228728'),
(116, 'agustus', 2017, 94, 91, 102, 248, 155, 134, 195, 137, 138, 590, 690, 60, 209, 487, 342, 345, 709, 887, 842, 345, 12312, '2019-06-26 21:47:27.250737', '2019-06-26 21:47:27.250737'),
(117, 'september', 2017, 94, 91, 103, 250, 349, 328, 389, 138, 266, 393, 687, 60, 474, 411, 675, 419, 974, 811, 675, 419, 421412, '2019-06-26 21:47:27.300250', '2019-06-26 21:47:27.301250'),
(118, 'oktober', 2017, 94, 93, 104, 251, 86, 65, 126, 139, 108, 510, 541, 60, 115, 400, 230, 262, 615, 800, 730, 262, 41241, '2019-06-26 21:47:27.322255', '2019-06-26 21:47:27.322255'),
(119, 'november', 2017, 96, 94, 102, 251, 165, 144, 205, 140, 145, 500, 610, 60, 223, 423, 360, 319, 723, 823, 660, 319, 41241241, '2019-06-26 21:47:27.342259', '2019-06-26 21:47:27.342259'),
(120, 'desember', 2017, 98, 97, 100, 255, 121, 40, 101, 153, 132, 575, 841, 120, 135, 415, 371, 390, 635, 815, 651, 390, 4124121, '2019-06-26 21:47:27.362264', '2019-06-26 21:47:27.362264');

--
-- Indexes for dumped tables
--

--
-- Indexes for table `auth_group`
--
ALTER TABLE `auth_group`
  ADD PRIMARY KEY (`id`),
  ADD UNIQUE KEY `name` (`name`);

--
-- Indexes for table `auth_group_permissions`
--
ALTER TABLE `auth_group_permissions`
  ADD PRIMARY KEY (`id`),
  ADD UNIQUE KEY `auth_group_permissions_group_id_permission_id_0cd325b0_uniq` (`group_id`,`permission_id`),
  ADD KEY `auth_group_permissio_permission_id_84c5c92e_fk_auth_perm` (`permission_id`);

--
-- Indexes for table `auth_permission`
--
ALTER TABLE `auth_permission`
  ADD PRIMARY KEY (`id`),
  ADD UNIQUE KEY `auth_permission_content_type_id_codename_01ab375a_uniq` (`content_type_id`,`codename`);

--
-- Indexes for table `auth_user`
--
ALTER TABLE `auth_user`
  ADD PRIMARY KEY (`id`),
  ADD UNIQUE KEY `username` (`username`);

--
-- Indexes for table `auth_user_groups`
--
ALTER TABLE `auth_user_groups`
  ADD PRIMARY KEY (`id`),
  ADD UNIQUE KEY `auth_user_groups_user_id_group_id_94350c0c_uniq` (`user_id`,`group_id`),
  ADD KEY `auth_user_groups_group_id_97559544_fk_auth_group_id` (`group_id`);

--
-- Indexes for table `auth_user_user_permissions`
--
ALTER TABLE `auth_user_user_permissions`
  ADD PRIMARY KEY (`id`),
  ADD UNIQUE KEY `auth_user_user_permissions_user_id_permission_id_14a6b632_uniq` (`user_id`,`permission_id`),
  ADD KEY `auth_user_user_permi_permission_id_1fbb5f2c_fk_auth_perm` (`permission_id`);

--
-- Indexes for table `blog_post`
--
ALTER TABLE `blog_post`
  ADD PRIMARY KEY (`id`);

--
-- Indexes for table `django_admin_log`
--
ALTER TABLE `django_admin_log`
  ADD PRIMARY KEY (`id`),
  ADD KEY `django_admin_log_content_type_id_c4bce8eb_fk_django_co` (`content_type_id`),
  ADD KEY `django_admin_log_user_id_c564eba6_fk_auth_user_id` (`user_id`);

--
-- Indexes for table `django_content_type`
--
ALTER TABLE `django_content_type`
  ADD PRIMARY KEY (`id`),
  ADD UNIQUE KEY `django_content_type_app_label_model_76bd3d3b_uniq` (`app_label`,`model`);

--
-- Indexes for table `django_migrations`
--
ALTER TABLE `django_migrations`
  ADD PRIMARY KEY (`id`);

--
-- Indexes for table `django_session`
--
ALTER TABLE `django_session`
  ADD PRIMARY KEY (`session_key`),
  ADD KEY `django_session_expire_date_a5c62663` (`expire_date`);

--
-- Indexes for table `forecasting_forecastingpenjualanmodel`
--
ALTER TABLE `forecasting_forecastingpenjualanmodel`
  ADD PRIMARY KEY (`id_penjualan`);

--
-- Indexes for table `input_data_penjualanmodel`
--
ALTER TABLE `input_data_penjualanmodel`
  ADD PRIMARY KEY (`id_penjualan`);

--
-- AUTO_INCREMENT for dumped tables
--

--
-- AUTO_INCREMENT for table `auth_group`
--
ALTER TABLE `auth_group`
  MODIFY `id` int(11) NOT NULL AUTO_INCREMENT;

--
-- AUTO_INCREMENT for table `auth_group_permissions`
--
ALTER TABLE `auth_group_permissions`
  MODIFY `id` int(11) NOT NULL AUTO_INCREMENT;

--
-- AUTO_INCREMENT for table `auth_permission`
--
ALTER TABLE `auth_permission`
  MODIFY `id` int(11) NOT NULL AUTO_INCREMENT, AUTO_INCREMENT=33;

--
-- AUTO_INCREMENT for table `auth_user`
--
ALTER TABLE `auth_user`
  MODIFY `id` int(11) NOT NULL AUTO_INCREMENT, AUTO_INCREMENT=9;

--
-- AUTO_INCREMENT for table `auth_user_groups`
--
ALTER TABLE `auth_user_groups`
  MODIFY `id` int(11) NOT NULL AUTO_INCREMENT;

--
-- AUTO_INCREMENT for table `auth_user_user_permissions`
--
ALTER TABLE `auth_user_user_permissions`
  MODIFY `id` int(11) NOT NULL AUTO_INCREMENT;

--
-- AUTO_INCREMENT for table `blog_post`
--
ALTER TABLE `blog_post`
  MODIFY `id` int(11) NOT NULL AUTO_INCREMENT, AUTO_INCREMENT=6;

--
-- AUTO_INCREMENT for table `django_admin_log`
--
ALTER TABLE `django_admin_log`
  MODIFY `id` int(11) NOT NULL AUTO_INCREMENT, AUTO_INCREMENT=14;

--
-- AUTO_INCREMENT for table `django_content_type`
--
ALTER TABLE `django_content_type`
  MODIFY `id` int(11) NOT NULL AUTO_INCREMENT, AUTO_INCREMENT=9;

--
-- AUTO_INCREMENT for table `django_migrations`
--
ALTER TABLE `django_migrations`
  MODIFY `id` int(11) NOT NULL AUTO_INCREMENT, AUTO_INCREMENT=30;

--
-- AUTO_INCREMENT for table `forecasting_forecastingpenjualanmodel`
--
ALTER TABLE `forecasting_forecastingpenjualanmodel`
  MODIFY `id_penjualan` int(11) NOT NULL AUTO_INCREMENT;

--
-- AUTO_INCREMENT for table `input_data_penjualanmodel`
--
ALTER TABLE `input_data_penjualanmodel`
  MODIFY `id_penjualan` int(11) NOT NULL AUTO_INCREMENT, AUTO_INCREMENT=126;

--
-- Constraints for dumped tables
--

--
-- Constraints for table `auth_group_permissions`
--
ALTER TABLE `auth_group_permissions`
  ADD CONSTRAINT `auth_group_permissio_permission_id_84c5c92e_fk_auth_perm` FOREIGN KEY (`permission_id`) REFERENCES `auth_permission` (`id`),
  ADD CONSTRAINT `auth_group_permissions_group_id_b120cbf9_fk_auth_group_id` FOREIGN KEY (`group_id`) REFERENCES `auth_group` (`id`);

--
-- Constraints for table `auth_permission`
--
ALTER TABLE `auth_permission`
  ADD CONSTRAINT `auth_permission_content_type_id_2f476e4b_fk_django_co` FOREIGN KEY (`content_type_id`) REFERENCES `django_content_type` (`id`);

--
-- Constraints for table `auth_user_groups`
--
ALTER TABLE `auth_user_groups`
  ADD CONSTRAINT `auth_user_groups_group_id_97559544_fk_auth_group_id` FOREIGN KEY (`group_id`) REFERENCES `auth_group` (`id`),
  ADD CONSTRAINT `auth_user_groups_user_id_6a12ed8b_fk_auth_user_id` FOREIGN KEY (`user_id`) REFERENCES `auth_user` (`id`);

--
-- Constraints for table `auth_user_user_permissions`
--
ALTER TABLE `auth_user_user_permissions`
  ADD CONSTRAINT `auth_user_user_permi_permission_id_1fbb5f2c_fk_auth_perm` FOREIGN KEY (`permission_id`) REFERENCES `auth_permission` (`id`),
  ADD CONSTRAINT `auth_user_user_permissions_user_id_a95ead1b_fk_auth_user_id` FOREIGN KEY (`user_id`) REFERENCES `auth_user` (`id`);

--
-- Constraints for table `django_admin_log`
--
ALTER TABLE `django_admin_log`
  ADD CONSTRAINT `django_admin_log_content_type_id_c4bce8eb_fk_django_co` FOREIGN KEY (`content_type_id`) REFERENCES `django_content_type` (`id`),
  ADD CONSTRAINT `django_admin_log_user_id_c564eba6_fk_auth_user_id` FOREIGN KEY (`user_id`) REFERENCES `auth_user` (`id`);
COMMIT;

/*!40101 SET CHARACTER_SET_CLIENT=@OLD_CHARACTER_SET_CLIENT */;
/*!40101 SET CHARACTER_SET_RESULTS=@OLD_CHARACTER_SET_RESULTS */;
/*!40101 SET COLLATION_CONNECTION=@OLD_COLLATION_CONNECTION */;
